1,1,First Name 1,Last Name 1
2,2,First Name 2,Last Name 2
3,3,First Name 3,Last Name 3
4,4,First Name 4,Last Name 4
5,5,First Name 5,Last Name 5
6,6,First Name 6,Last Name 6
7,7,First Name 7,Last Name 7
8,8,First Name 8,Last Name 8
9,9,First Name 9,Last Name 9
10,10,First Name 10,Last Name 10
11,11,First Name 11,Last Name 11
12,12,First Name 12,Last Name 12
13,13,First Name 13,Last Name 13
14,14,First Name 14,Last Name 14
15,15,First Name 15,Last Name 15
16,16,First Name 16,Last Name 16
17,17,First Name 17,Last Name 17
18,18,First Name 18,Last Name 18
19,19,First Name 19,Last Name 19
20,20,First Name 20,Last Name 20
21,21,First Name 21,Last Name 21
22,22,First Name 22,Last Name 22
23,23,First Name 23,Last Name 23
24,24,First Name 24,Last Name 24
25,25,First Name 25,Last Name 25
26,26,First Name 26,Last Name 26
27,27,First Name 27,Last Name 27
28,28,First Name 28,Last Name 28
29,29,First Name 29,Last Name 29
30,30,First Name 30,Last Name 30
31,31,First Name 31,Last Name 31
32,32,First Name 32,Last Name 32
33,33,First Name 33,Last Name 33
34,34,First Name 34,Last Name 34
35,35,First Name 35,Last Name 35
36,36,First Name 36,Last Name 36
37,37,First Name 37,Last Name 37
38,38,First Name 38,Last Name 38
39,39,First Name 39,Last Name 39
40,40,First Name 40,Last Name 40
41,41,First Name 41,Last Name 41
42,42,First Name 42,Last Name 42
43,43,First Name 43,Last Name 43
44,44,First Name 44,Last Name 44
45,45,First Name 45,Last Name 45
46,46,First Name 46,Last Name 46
47,47,First Name 47,Last Name 47
48,48,First Name 48,Last Name 48
49,49,First Name 49,Last Name 49
50,50,First Name 50,Last Name 50
51,51,First Name 51,Last Name 51
52,52,First Name 52,Last Name 52
53,53,First Name 53,Last Name 53
54,54,First Name 54,Last Name 54
55,55,First Name 55,Last Name 55
56,56,First Name 56,Last Name 56
57,57,First Name 57,Last Name 57
58,58,First Name 58,Last Name 58
59,59,First Name 59,Last Name 59
60,60,First Name 60,Last Name 60
61,61,First Name 61,Last Name 61
62,62,First Name 62,Last Name 62
63,63,First Name 63,Last Name 63
64,64,First Name 64,Last Name 64
65,65,First Name 65,Last Name 65
66,66,First Name 66,Last Name 66
67,67,First Name 67,Last Name 67
68,68,First Name 68,Last Name 68
69,69,First Name 69,Last Name 69
70,70,First Name 70,Last Name 70
71,71,First Name 71,Last Name 71
72,72,First Name 72,Last Name 72
73,73,First Name 73,Last Name 73
74,74,First Name 74,Last Name 74
75,75,First Name 75,Last Name 75
76,76,First Name 76,Last Name 76
77,77,First Name 77,Last Name 77
78,78,First Name 78,Last Name 78
79,79,First Name 79,Last Name 79
80,80,First Name 80,Last Name 80
81,81,First Name 81,Last Name 81
82,82,First Name 82,Last Name 82
83,83,First Name 83,Last Name 83
84,84,First Name 84,Last Name 84
85,85,First Name 85,Last Name 85
86,86,First Name 86,Last Name 86
87,87,First Name 87,Last Name 87
88,88,First Name 88,Last Name 88
89,89,First Name 89,Last Name 89
90,90,First Name 90,Last Name 90
91,91,First Name 91,Last Name 91
92,92,First Name 92,Last Name 92
93,93,First Name 93,Last Name 93
94,94,First Name 94,Last Name 94
95,95,First Name 95,Last Name 95
96,96,First Name 96,Last Name 96
97,97,First Name 97,Last Name 97
98,98,First Name 98,Last Name 98
99,99,First Name 99,Last Name 99
100,100,First Name 100,Last Name 100
